model,purity,silhouette
K-Means,0.27669018893694514,0.05123991287998475
GMM,0.2715684042795356,-0.15173634886741638
