model,accuracy,macro_f1,exact_match
TEST — Stacking (meta-LR),0.24994309128158435,0.24857500908116004,0.24994309128158435
